﻿<?xml version="1.0" encoding="utf-8" ?>
<items>
 <!-- PBIs -->
 <item>
  <type>Product Backlog Item</type>
  <title>Customer can view service invoices online</title>
  <area>\Customers</area>
  <assignedto>Richard Hundhausen</assignedto>
  <effort>3</effort>
 </item>
 <item>
  <type>Product Backlog Item</type>
  <title>Customer can sign in using Windows Live ID</title>
  <area>\Customers</area>
  <assignedto>Richard Hundhausen</assignedto>
  <effort>8</effort>
 </item>
 <item>
  <type>Product Backlog Item</type>
  <title>Technician can check on parts orders on Windows Phone</title>
  <area>\Mobile</area>
  <assignedto>Richard Hundhausen</assignedto>
  <effort>2</effort>
 </item>
 <item>
  <type>Product Backlog Item</type>
  <title>Technician can look for closest hardware store from Windows Phone</title>
  <area>\Mobile</area>
  <assignedto>Richard Hundhausen</assignedto>
  <effort>2</effort>
 </item>
 <item>
  <type>Product Backlog Item</type>
  <title>Customer can find the nearest Fabrikam Fiber location</title>
  <area>\Customers</area>
  <assignedto>Richard Hundhausen</assignedto>
  <effort>5</effort>
 </item>
 <item>
  <type>Product Backlog Item</type>
  <title>Customer can sign up for emails about service outages</title>
  <area>\Dashboard\Alerts</area>
  <assignedto>Richard Hundhausen</assignedto>
  <effort>5</effort>
 </item>
 <item>
  <type>Product Backlog Item</type>
  <title>Technician can report busy/late on Windows Phone</title>
  <area>\Mobile</area>
  <assignedto>Richard Hundhausen</assignedto>
  <effort>5</effort>
 </item>
 <item>
  <type>Bug</type>
  <title>Bug: Customers with Canadian addresses not displaying properly</title>
  <acceptancecriteria>
  </acceptancecriteria>
  <area>\Customers</area>
  <assignedto>Richard Hundhausen</assignedto>
  <businessvalue></businessvalue>
  <effort>3</effort>
  <state>Approved</state>
 </item>
 <item>
  <type>Product Backlog Item</type>
  <title>Technician can send GPS location from Windows Phone</title>
  <area>\Mobile</area>
  <assignedto>Richard Hundhausen</assignedto>
  <effort>5</effort>
 </item>
 <item>
  <type>Product Backlog Item</type>
  <title>Service rep can view service ticket details from the dashboard</title>
  <area>\Dashboard</area>
  <assignedto>Richard Hundhausen</assignedto>
  <effort>5</effort>
 </item>
 <item>
  <type>Product Backlog Item</type>
  <title>Customer can opt-in/opt-out of paper billing</title>
  <area>\Customers</area>
  <assignedto>Richard Hundhausen</assignedto>
  <effort>5</effort>
 </item>
 <item>
  <type>Product Backlog Item</type>
  <title>Customer can see upcoming appointments</title>
  <area>\Customers</area>
  <assignedto>Richard Hundhausen</assignedto>
  <effort>5</effort>
 </item>
 <item>
  <type>Product Backlog Item</type>
  <title>Customer can look up television lineup online</title>
  <area>\Customers</area>
  <assignedto>Richard Hundhausen</assignedto>
  <effort>8</effort>
 </item>
 <item>
  <type>Product Backlog Item</type>
  <title>Replace hard-coded server names and IP addresses</title>
  <area>\</area>
  <assignedto>Richard Hundhausen</assignedto>
  <effort>5</effort>
 </item>
 <item>
  <type>Product Backlog Item</type>
  <title>Customer can sign in using Facebook account</title>
  <area>\Social</area>
  <assignedto>Richard Hundhausen</assignedto>
  <effort>8</effort>
 </item>
 <item>
  <type>Product Backlog Item</type>
  <title>Customer can become a Fan of Fabrikam Fiber on Facebook</title>
  <area>\Social</area>
  <assignedto>Richard Hundhausen</assignedto>
  <effort>8</effort>
 </item>
 <item>
  <type>Product Backlog Item</type>
  <title>Customer can reschedule appointments</title>
  <area>\Customers</area>
  <assignedto>Richard Hundhausen</assignedto>
  <effort>8</effort>
 </item>
 <item>
  <type>Product Backlog Item</type>
  <title>Technician can see service tickets on Windows Phone</title>
  <area>\Mobile</area>
  <assignedto>Richard Hundhausen</assignedto>
  <effort>8</effort>
 </item>
 <item>
  <type>Product Backlog Item</type>
  <title>Technician can edit customer contact details on Windows Phone</title>
  <area>\Mobile</area>
  <assignedto>Richard Hundhausen</assignedto>
  <effort>13</effort>
 </item>
 <item>
  <type>Product Backlog Item</type>
  <title>Customer can pay invoices online</title>
  <area>\Customers</area>
  <assignedto>Richard Hundhausen</assignedto>
  <effort>21</effort>
 </item>
 <item>
  <type>Product Backlog Item</type>
  <title>Refactor controller code to patterns</title>
  <area>\</area>
  <assignedto>Richard Hundhausen</assignedto>
  <effort>8</effort>
 </item>
</items>
