﻿<?xml version="1.0" encoding="utf-8" ?>
<tasks>
  <task>
   <title>Research and design</title>
   <remainingwork>4</remainingwork>
  </task>
  <task>
   <title>Create test plan and test suites</title>
   <remainingwork>1</remainingwork>
  </task>
  <task>
   <title>Create manual tests</title>
   <remainingwork>2</remainingwork>
  </task>
  <task>
   <title>Create development tests</title>
   <remainingwork>2</remainingwork>
  </task>
  <task>
   <title>Code the solution</title>
   <remainingwork>4</remainingwork>
  </task>
 <task>
  <title>Perform exploratory testing</title>
  <remainingwork>2</remainingwork>
 </task>
</tasks>
